{
	"frames": {
		"counter.png": {
			"frame": {
				"x": 1,
				"y": 1,
				"w": 15,
				"h": 15
			},
			"rotated": false,
			"trimmed": false,
			"spriteSourceSize": {
				"x": 0,
				"y": 0,
				"w": 15,
				"h": 15
			},
			"sourceSize": {
				"w": 15,
				"h": 15
			}
		},
		"dishes.png": {
			"frame": {
				"x": 18,
				"y": 1,
				"w": 15,
				"h": 15
			},
			"rotated": false,
			"trimmed": false,
			"spriteSourceSize": {
				"x": 0,
				"y": 0,
				"w": 15,
				"h": 15
			},
			"sourceSize": {
				"w": 15,
				"h": 15
			}
		},
		"floor.png": {
			"frame": {
				"x": 35,
				"y": 1,
				"w": 15,
				"h": 15
			},
			"rotated": false,
			"trimmed": false,
			"spriteSourceSize": {
				"x": 0,
				"y": 0,
				"w": 15,
				"h": 15
			},
			"sourceSize": {
				"w": 15,
				"h": 15
			}
		},
		"onions.png": {
			"frame": {
				"x": 52,
				"y": 1,
				"w": 15,
				"h": 15
			},
			"rotated": false,
			"trimmed": false,
			"spriteSourceSize": {
				"x": 0,
				"y": 0,
				"w": 15,
				"h": 15
			},
			"sourceSize": {
				"w": 15,
				"h": 15
			}
		},
		"pot.png": {
			"frame": {
				"x": 69,
				"y": 1,
				"w": 15,
				"h": 15
			},
			"rotated": false,
			"trimmed": false,
			"spriteSourceSize": {
				"x": 0,
				"y": 0,
				"w": 15,
				"h": 15
			},
			"sourceSize": {
				"w": 15,
				"h": 15
			}
		},
		"serve.png": {
			"frame": {
				"x": 86,
				"y": 1,
				"w": 15,
				"h": 15
			},
			"rotated": false,
			"trimmed": false,
			"spriteSourceSize": {
				"x": 0,
				"y": 0,
				"w": 15,
				"h": 15
			},
			"sourceSize": {
				"w": 15,
				"h": 15
			}
		},
		"tomatoes.png": {
			"frame": {
				"x": 103,
				"y": 1,
				"w": 15,
				"h": 15
			},
			"rotated": false,
			"trimmed": false,
			"spriteSourceSize": {
				"x": 0,
				"y": 0,
				"w": 15,
				"h": 15
			},
			"sourceSize": {
				"w": 15,
				"h": 15
			}
		}
	},
	"meta": {
		"app": "http://www.codeandweb.com/texturepacker",
		"version": "1.0",
		"image": "spritesheet.png",
		"format": "RGBA8888",
		"size": {
			"w": 119,
			"h": 17
		},
		"scale": "1"
	}
}